INSERT INTO `SYS_ORGANIZATION` VALUES ('7a2157ae3b2a4c9b91406f20a82b79f4', '医享网', '中国第一重大疾病医疗分享平台', null, 'yxw', '', 'fb9e55caa4d74f6f8ddd92ed211240b5', '2015-09-30 15:43:52', 'fb9e55caa4d74f6f8ddd92ed211240b5', '2015-09-30 15:44:02');

INSERT INTO `SYS_RESOURCE` VALUES ('0ba5611e3110446d970f8ff3218d70aa', '缓存管理-编辑', 'cacheManageEdit', 'cacheManageEdit', '2', '', 'fb9e55caa4d74f6f8ddd92ed211240b5', '2015-10-09 16:38:44', 'fb9e55caa4d74f6f8ddd92ed211240b5', '2015-10-09 16:40:18');
INSERT INTO `SYS_RESOURCE` VALUES ('17b09eabc5b94918984857fc0bfca79a', '规则配置', 'gzbz', 'gzbz', '1', '', 'fb9e55caa4d74f6f8ddd92ed211240b5', '2015-09-30 15:48:16', null, null);
INSERT INTO `SYS_RESOURCE` VALUES ('493b0f47899e4d0a80cb69fc965dd3ff', '订单管理-绑卡管理', 'ddglMedicalCard', 'ddglMedicalCard', '2', '', 'fb9e55caa4d74f6f8ddd92ed211240b5', '2015-10-09 16:34:15', null, null);
INSERT INTO `SYS_RESOURCE` VALUES ('4eaf3bae3e8240bc8f0c87dd71843e2d', '订单管理-查看(某个医院)', 'ddglVisit', 'ddglVisit', '2', '', 'fb9e55caa4d74f6f8ddd92ed211240b5', '2015-10-09 16:20:24', 'fb9e55caa4d74f6f8ddd92ed211240b5', '2015-10-09 16:29:40');
INSERT INTO `SYS_RESOURCE` VALUES ('587356f3a25c4b9280ed75bc14786e1a', '组织/机构管理', 'gzjggl', 'gzjggl', '1', '', 'fb9e55caa4d74f6f8ddd92ed211240b5', '2015-09-30 15:56:53', null, null);
INSERT INTO `SYS_RESOURCE` VALUES ('6361bc33b43a4a13af45d47c146e43d8', '订单管理', 'ddgl', 'ddgl', '1', '', 'fb9e55caa4d74f6f8ddd92ed211240b5', '2015-09-30 15:57:55', null, null);
INSERT INTO `SYS_RESOURCE` VALUES ('64e44c1dcc5644c5b924439f2a057d60', '医院管理-编辑', 'hospitalManageEdit', 'hospitalManageEdit', '2', '', 'fb9e55caa4d74f6f8ddd92ed211240b5', '2015-10-08 18:13:10', 'fb9e55caa4d74f6f8ddd92ed211240b5', '2015-10-09 16:03:05');
INSERT INTO `SYS_RESOURCE` VALUES ('6984c67994004f9c94d9bd7c73184678', '医院管理-启用/禁用', 'hospitalManageUpdateStatus', 'hospitalManageUpdateStatus', '2', '', 'fb9e55caa4d74f6f8ddd92ed211240b5', '2015-10-09 14:13:48', 'fb9e55caa4d74f6f8ddd92ed211240b5', '2015-10-09 16:03:15');
INSERT INTO `SYS_RESOURCE` VALUES ('6b40e42f3b40425fbe1e36d2c91fd453', '资源管理', 'zygl', 'zygl', '1', '', 'fb9e55caa4d74f6f8ddd92ed211240b5', '2015-09-30 15:56:19', null, null);
INSERT INTO `SYS_RESOURCE` VALUES ('7a2d516e863243138aa9ec2def125567', '素材管理', 'meterial', 'meterial', '1', '', 'fb9e55caa4d74f6f8ddd92ed211240b5', '2015-10-09 15:35:48', null, null);
INSERT INTO `SYS_RESOURCE` VALUES ('7fc47a95aad94f11a0e47fcd7420ecaf', '消息模板-模板库', 'xxmbMsgTemplateLibrary', 'xxmbMsgTemplateLibrary', '2', '', 'fb9e55caa4d74f6f8ddd92ed211240b5', '2015-10-09 16:06:27', 'fb9e55caa4d74f6f8ddd92ed211240b5', '2015-10-09 16:07:14');
INSERT INTO `SYS_RESOURCE` VALUES ('815b34aa380b42068556cc6c60b7a7b6', '订单管理-退费', 'ddglRefund', 'ddglRefund', '2', '', 'fb9e55caa4d74f6f8ddd92ed211240b5', '2015-10-09 16:26:31', null, null);
INSERT INTO `SYS_RESOURCE` VALUES ('8164be78f7ae480081d1648a36a3cafa', '素材管理-编辑', 'meterialEdit', 'meterialEdit', '2', '', 'fb9e55caa4d74f6f8ddd92ed211240b5', '2015-10-09 16:41:44', null, null);
INSERT INTO `SYS_RESOURCE` VALUES ('8aa3fa0039d24de398cb1a9dcbd0477f', '订单管理-状态修改', 'ddglUpdateStatus', 'ddglUpdateStatus', '2', '', 'fb9e55caa4d74f6f8ddd92ed211240b5', '2015-10-09 16:28:52', null, null);
INSERT INTO `SYS_RESOURCE` VALUES ('8b07dd5fabe1405099ac4b283549f4f3', '医院管理-白名单', 'hospitalManageWhiteListConfig', 'hospitalManageWhiteListConfig', '2', '', 'fb9e55caa4d74f6f8ddd92ed211240b5', '2015-10-09 14:19:29', 'fb9e55caa4d74f6f8ddd92ed211240b5', '2015-10-09 15:17:34');
INSERT INTO `SYS_RESOURCE` VALUES ('9aba07aa8e1a4952a448627c57a72494', '订单管理-查看(订单明细)', 'ddglLog', 'ddglLog', '2', '', 'fb9e55caa4d74f6f8ddd92ed211240b5', '2015-10-09 16:30:21', null, null);
INSERT INTO `SYS_RESOURCE` VALUES ('9fe1679ded1b43d88189a9ad4f28b4d0', '医院管理-新增', 'hospitalManageAdd', 'hospitalManageAdd', '2', '', 'fb9e55caa4d74f6f8ddd92ed211240b5', '2015-10-09 15:21:20', null, null);
INSERT INTO `SYS_RESOURCE` VALUES ('a13b34dbe3e64ca8a1d9aaeac9f12108', '消息模板', 'xxmb', 'xxmb', '1', '', 'fb9e55caa4d74f6f8ddd92ed211240b5', '2015-09-30 15:57:22', null, null);
INSERT INTO `SYS_RESOURCE` VALUES ('aff926a29907414099378e7292e7f5a3', '账户管理', 'ghgl', 'ghgl', '1', '', 'fb9e55caa4d74f6f8ddd92ed211240b5', '2015-09-30 15:54:27', null, null);
INSERT INTO `SYS_RESOURCE` VALUES ('b3ca993b0a2d4e93ad920831e8c23a00', '医院管理-推广支持', 'hospitalManageExtension', 'hospitalManageExtension', '2', '', 'fb9e55caa4d74f6f8ddd92ed211240b5', '2015-10-09 15:20:10', null, null);
INSERT INTO `SYS_RESOURCE` VALUES ('b41a505955ca4aa4b9489b120d49a361', '消息模板-编辑', 'xxmbEdit', 'xxmbEdit', '2', '', 'fb9e55caa4d74f6f8ddd92ed211240b5', '2015-10-09 16:14:09', null, null);
INSERT INTO `SYS_RESOURCE` VALUES ('b7d077d1c6ea45469ce947a0f305ac47', '缓存管理', 'cacheManage', 'cacheManage', '1', '', 'fb9e55caa4d74f6f8ddd92ed211240b5', '2015-10-09 15:23:28', null, null);
INSERT INTO `SYS_RESOURCE` VALUES ('ce94bef290ad440da04c60d835c8e376', '角色管理', 'jssgl', 'jsgl', '1', '', 'fb9e55caa4d74f6f8ddd92ed211240b5', '2015-09-30 15:55:40', null, null);
INSERT INTO `SYS_RESOURCE` VALUES ('e1c28231ffaf4d318c0be615c470f1cb', '医院管理', 'yygl', 'yygl', '1', '', 'fb9e55caa4d74f6f8ddd92ed211240b5', '2015-09-30 15:45:22', null, null);
INSERT INTO `SYS_RESOURCE` VALUES ('f803dbc0596c4e279d11a0514292a1d7', '消息管理', 'xxgl', 'xxgl', '1', '', 'fb9e55caa4d74f6f8ddd92ed211240b5', '2015-09-30 15:52:55', null, null);

INSERT INTO `SYS_ROLE` VALUES ('3b7883094b2b4d9c8819c42ea75de7f0', '管理员', 'admin', '', '1', 'fb9e55caa4d74f6f8ddd92ed211240b5', '2015-10-12 16:07:15', null, null);

INSERT INTO `SYS_ROLE_RESOURCE` VALUES ('032bccc5ee254b178896a73904b9fc38', '3b7883094b2b4d9c8819c42ea75de7f0', '815b34aa380b42068556cc6c60b7a7b6');
INSERT INTO `SYS_ROLE_RESOURCE` VALUES ('0c4ed743e25c44f6b016e1f673455823', '3b7883094b2b4d9c8819c42ea75de7f0', 'e1c28231ffaf4d318c0be615c470f1cb');
INSERT INTO `SYS_ROLE_RESOURCE` VALUES ('115416cc053c439a95634c676cfd34b6', '3b7883094b2b4d9c8819c42ea75de7f0', '4eaf3bae3e8240bc8f0c87dd71843e2d');
INSERT INTO `SYS_ROLE_RESOURCE` VALUES ('1da04f46fbf345319b341b0386df63c6', '3b7883094b2b4d9c8819c42ea75de7f0', '6b40e42f3b40425fbe1e36d2c91fd453');
INSERT INTO `SYS_ROLE_RESOURCE` VALUES ('33ee5eef30d048e5b83a49c1762fb50b', '3b7883094b2b4d9c8819c42ea75de7f0', '6361bc33b43a4a13af45d47c146e43d8');
INSERT INTO `SYS_ROLE_RESOURCE` VALUES ('36c773a0bbe645a096d3bf267bba227c', '3b7883094b2b4d9c8819c42ea75de7f0', 'b41a505955ca4aa4b9489b120d49a361');
INSERT INTO `SYS_ROLE_RESOURCE` VALUES ('37ff23c4df9f4e21ba77f6326c9a7f54', '3b7883094b2b4d9c8819c42ea75de7f0', '493b0f47899e4d0a80cb69fc965dd3ff');
INSERT INTO `SYS_ROLE_RESOURCE` VALUES ('3de2fb83ba734b5cabafb6ae7e067465', '3b7883094b2b4d9c8819c42ea75de7f0', '9fe1679ded1b43d88189a9ad4f28b4d0');
INSERT INTO `SYS_ROLE_RESOURCE` VALUES ('46be707c50104e538d9814996884dc71', '3b7883094b2b4d9c8819c42ea75de7f0', 'ce94bef290ad440da04c60d835c8e376');
INSERT INTO `SYS_ROLE_RESOURCE` VALUES ('4f0a347a36ee487a8c096b3acacf605a', '3b7883094b2b4d9c8819c42ea75de7f0', '64e44c1dcc5644c5b924439f2a057d60');
INSERT INTO `SYS_ROLE_RESOURCE` VALUES ('85a03ccf808e40bdbaa092adf9f2ea98', '3b7883094b2b4d9c8819c42ea75de7f0', 'b3ca993b0a2d4e93ad920831e8c23a00');
INSERT INTO `SYS_ROLE_RESOURCE` VALUES ('8fb70c23f64a4f5ca05ffcf8c1b618b6', '3b7883094b2b4d9c8819c42ea75de7f0', '8aa3fa0039d24de398cb1a9dcbd0477f');
INSERT INTO `SYS_ROLE_RESOURCE` VALUES ('98dca3890dda42ba87caaf1d031bb458', '3b7883094b2b4d9c8819c42ea75de7f0', '587356f3a25c4b9280ed75bc14786e1a');
INSERT INTO `SYS_ROLE_RESOURCE` VALUES ('a472ad477fe94c8ea8b3299717324b2b', '3b7883094b2b4d9c8819c42ea75de7f0', '17b09eabc5b94918984857fc0bfca79a');
INSERT INTO `SYS_ROLE_RESOURCE` VALUES ('a4e341dbb3e2415b9626ba91c9c83e64', '3b7883094b2b4d9c8819c42ea75de7f0', '7fc47a95aad94f11a0e47fcd7420ecaf');
INSERT INTO `SYS_ROLE_RESOURCE` VALUES ('ad212884a8224432aca8c6d0e7335d22', '3b7883094b2b4d9c8819c42ea75de7f0', 'b7d077d1c6ea45469ce947a0f305ac47');
INSERT INTO `SYS_ROLE_RESOURCE` VALUES ('b393ffc79361473f9d971c99a987e0d8', '3b7883094b2b4d9c8819c42ea75de7f0', '9aba07aa8e1a4952a448627c57a72494');
INSERT INTO `SYS_ROLE_RESOURCE` VALUES ('c0e28a4acb1d4efd896d9d47220509df', '3b7883094b2b4d9c8819c42ea75de7f0', '6984c67994004f9c94d9bd7c73184678');
INSERT INTO `SYS_ROLE_RESOURCE` VALUES ('d05f65640d0a4095a413b36f5fd838ec', '3b7883094b2b4d9c8819c42ea75de7f0', '8b07dd5fabe1405099ac4b283549f4f3');
INSERT INTO `SYS_ROLE_RESOURCE` VALUES ('d44a23829a6247a2a01e067d2a9307a3', '3b7883094b2b4d9c8819c42ea75de7f0', '8164be78f7ae480081d1648a36a3cafa');
INSERT INTO `SYS_ROLE_RESOURCE` VALUES ('db071b34c0e94c15ade158c95feeb46c', '3b7883094b2b4d9c8819c42ea75de7f0', '0ba5611e3110446d970f8ff3218d70aa');
INSERT INTO `SYS_ROLE_RESOURCE` VALUES ('e1875d57c337410ebbd8f36d79304c38', '3b7883094b2b4d9c8819c42ea75de7f0', '7a2d516e863243138aa9ec2def125567');
INSERT INTO `SYS_ROLE_RESOURCE` VALUES ('eb7fa21bab18476c8d75ab580b0b31ea', '3b7883094b2b4d9c8819c42ea75de7f0', 'f803dbc0596c4e279d11a0514292a1d7');
INSERT INTO `SYS_ROLE_RESOURCE` VALUES ('eff64e486e594ba8b35da5e0479726f2', '3b7883094b2b4d9c8819c42ea75de7f0', 'aff926a29907414099378e7292e7f5a3');
INSERT INTO `SYS_ROLE_RESOURCE` VALUES ('f9b891f47d474adda843a04953824f89', '3b7883094b2b4d9c8819c42ea75de7f0', 'a13b34dbe3e64ca8a1d9aaeac9f12108');

INSERT INTO `SYS_USER` VALUES ('fb9e55caa4d74f6f8ddd92ed211240b5', 'admin', 'admin', '8222c713ab1c32094dbb1d749c3e3152', '3Cfjqh', 'admin@yx129yx129.com', '', '1', '7a2157ae3b2a4c9b91406f20a82b79f4', '2015-10-12 16:06:11', '0:0:0:0:0:0:0:1', null, null, 'fb9e55caa4d74f6f8ddd92ed211240b5', '2015-10-12 16:07:23');

INSERT INTO `SYS_USER_ROLE` VALUES ('e0bdbbea674d48558d351fabf0d47941', 'fb9e55caa4d74f6f8ddd92ed211240b5', '3b7883094b2b4d9c8819c42ea75de7f0');




/*
功能初始化
*/
INSERT INTO `SYS_OPTIONAL` VALUES ('04e04e64837d42a2a660869825c50dda', '费用清单', null, '2015-06-05 17:24:39', null, null, null, 'costList', '0');
INSERT INTO `SYS_OPTIONAL` VALUES ('2195cb4d176945d5b1d097e6778ba056', '绑卡', 'mobileApp/medicalcard/bind/toView', '2015-06-05 17:23:44', null, null, null, 'medicalCard', '0');
INSERT INTO `SYS_OPTIONAL` VALUES ('28c170e7095e46738e3115061becf82c', '门诊缴费', 'mobileApp/clinic/payIndex', '2015-06-05 17:23:02', null, null, null, 'clinicPay', '1');
INSERT INTO `SYS_OPTIONAL` VALUES ('2d71bfc11e844a159cb82771c0cbf5f5', '查询服务', null, '2015-06-05 17:21:47', null, null, null, 'queryService', '0');
INSERT INTO `SYS_OPTIONAL` VALUES ('2fda2452ce8b44e09ca223926cacca4c', '缴费记录', 'mobileApp/clinic/paidIndex', '2015-06-05 17:21:21', null, null, null, 'paymentRecord', '0');
INSERT INTO `SYS_OPTIONAL` VALUES ('4a849abbad8b461f964a49fca143bb2e', '挂号记录', 'mobileApp/register/infos/index', '2015-06-05 17:25:10', null, null, null, 'registerRecord', '0');
INSERT INTO `SYS_OPTIONAL` VALUES ('6b308d66a4f846d98c92cad698e8bacf', '住院服务', null, '2015-06-05 17:22:11', null, null, null, 'inpatientService', '0');
INSERT INTO `SYS_OPTIONAL` VALUES ('7784e6506573428985fce212a4593855', '个人中心', 'mobileApp/medicalcard/usercenter/toView', '2015-07-06 16:41:31', null, null, null, 'userCenter', '0');
INSERT INTO `SYS_OPTIONAL` VALUES ('9ca3e0a7d70b43cc910ee39030cd2333', '在线建档', null, '2015-06-02 16:42:11', null, null, null, 'onlineFiling', '0');
INSERT INTO `SYS_OPTIONAL` VALUES ('b04dad389b3b41a9b528a76140855de8', '当班挂号', 'mobileApp/register/index', '2015-06-05 17:20:39', null, null, null, 'dutyRegister', '1');
INSERT INTO `SYS_OPTIONAL` VALUES ('b1f8b1eed2914f52a8dfb6ae7601b888', '预约挂号', 'mobileApp/register/index', '2015-06-02 16:42:11', null, null, null, 'reservationRegister', '1');
INSERT INTO `SYS_OPTIONAL` VALUES ('bdd4ca31c19b458eb0dca9253ef418a9', '我的排队', 'mobileApp/queue/index', '2015-06-05 17:24:09', null, null, null, 'myQueue', '0');
INSERT INTO `SYS_OPTIONAL` VALUES ('f508433bf8534f3a802e590d19f0e059', '智能候诊', null, '2015-10-28 09:08:13', null, null, null, 'smartWait', '1');
INSERT INTO `SYS_OPTIONAL` VALUES ('f7b197714c38443dbff31054196543eb', '报告查询', 'mobileApp/reports/index', '2015-06-05 17:24:56', null, null, null, 'reportQuery', '1');
INSERT INTO `SYS_OPTIONAL` VALUES ('04e04e64837d42a2a660869825c50dd2', '交通指南', 'easyhealth/toTrafficInfo', '2015-06-05 17:24:56', null, null, null, 'traffic', '1');
INSERT INTO `SYS_OPTIONAL` VALUES ('f7b197714c38443dbff31054196543ea', '云医院', 'easyhealth/cloudHospital/toSZCloudHospital', '2015-06-05 17:24:56', null, null, null, 'cloud', '1');
INSERT INTO `SYS_OPTIONAL` VALUES ('f7b197714c38443dbff310541965432a', '就医指南', 'easyhealth/toHospitalInfo', '2015-06-05 17:24:56', null, null, null, 'guide', '1');

/*
平台初始化
*/
INSERT INTO `SYS_PLATFORM` (`ID`, `NAME`, `CODE`, `CP`, `CT`, `EP`, `ET`) VALUES ('58d4877b849a4c6d9e4ccad8f9ce3ac4', '统一平台app', 'app', '2015-06-02 15:37:08', NULL, NULL, NULL);
INSERT INTO `SYS_PLATFORM` (`ID`, `NAME`, `CODE`, `CP`, `CT`, `EP`, `ET`) VALUES ('64b0d42c1222465fa0eca638b2fe4cea', 'app微信', 'appWechat', '2015-06-02 15:37:08', NULL, NULL, NULL);
INSERT INTO `SYS_PLATFORM` (`ID`, `NAME`, `CODE`, `CP`, `CT`, `EP`, `ET`) VALUES ('665d13e3333b4b588fead0ab5ae338dd', 'app支付宝', 'appAlipay', '2015-10-07 21:24:43', NULL, NULL, NULL);
INSERT INTO `SYS_PLATFORM` (`ID`, `NAME`, `CODE`, `CP`, `CT`, `EP`, `ET`) VALUES ('6ca309b6c0b945099ce45e823d173256', '支付宝服务窗', 'alipay', '2015-06-02 15:37:08', NULL, NULL, NULL);
INSERT INTO `SYS_PLATFORM` (`ID`, `NAME`, `CODE`, `CP`, `CT`, `EP`, `ET`) VALUES ('7e3ed707ec20462a846a2e6d595ff66b', '微信服务窗', 'wechat', '2015-06-02 15:37:08', NULL, NULL, NULL);


/*支付方式初始化*/
INSERT INTO `SYS_PAY_MODE` (`ID`, `NAME`, `VERSION`, `CODE`, `PLATFORM_ID`, `CP`, `CT`, `EP`, `ET`) VALUES ('1c789fb19152410498385cecbef43c49', '微信', NULL, 'wechat', '7e3ed707ec20462a846a2e6d595ff66b', '2015-06-07 14:07:24', NULL, NULL, NULL);
INSERT INTO `SYS_PAY_MODE` (`ID`, `NAME`, `VERSION`, `CODE`, `PLATFORM_ID`, `CP`, `CT`, `EP`, `ET`) VALUES ('4279b009c97f4af99094940946a39cb1', 'app支付宝', NULL, 'appAlipay', '58d4877b849a4c6d9e4ccad8f9ce3ac4', '2015-06-07 14:08:04', NULL, NULL, NULL);
INSERT INTO `SYS_PAY_MODE` (`ID`, `NAME`, `VERSION`, `CODE`, `PLATFORM_ID`, `CP`, `CT`, `EP`, `ET`) VALUES ('776a2f31d5774f72ba415f36ff4d0bef', '支付宝', NULL, 'alipay', '6ca309b6c0b945099ce45e823d173256', '2015-06-07 14:08:04', NULL, NULL, NULL);
INSERT INTO `SYS_PAY_MODE` (`ID`, `NAME`, `VERSION`, `CODE`, `PLATFORM_ID`, `CP`, `CT`, `EP`, `ET`) VALUES ('b90ccfbe46e7453a85343cd39f663477', 'app微信', NULL, 'appWechat', '58d4877b849a4c6d9e4ccad8f9ce3ac4', '2015-06-07 14:08:04', NULL, NULL, NULL);
